nr,lr,b1,b2,epsilon,weight_decay,energy,accuracy,best_acc
DensePolyNN,,,,,,,,
random_uniform,,,,,,,,
0,0.049758682,0.339556351,0.927482232,2.50E-08,0.047316858,1705.446318,0.1059,0.1059
1,0.097237801,0.396027275,0.920756905,6.11E-08,0.063498876,1725.304573,0.1042,0.1059
2,0.07000959,0.195215632,0.982162457,2.78E-08,0.06924618,1718.425167,0.107725,0.107725
3,0.096640763,0.546494443,0.977510042,8.17E-08,0.081755604,1719.733807,0.1199875,0.1199875
4,0.09783499,0.865236496,0.965760466,8.05E-08,0.022418413,1729.152514,0.106525,0.1199875
5,0.092632317,0.575500897,0.893013466,4.24E-08,0.082097336,1721.083814,0.1053625,0.1199875
6,0.064497476,0.567522013,0.899563049,3.08E-08,0.042975002,1722.569226,0.10445,0.1199875
7,0.050020923,0.316895072,0.979858602,9.96E-08,0.069750251,1721.292972,0.10285,0.1199875
8,0.004454415,0.579876448,0.963191535,4.86E-08,0.012602185,1730.467032,0.2060875,0.2060875
9,0.046564835,0.36520029,0.932825291,2.56E-08,0.078236449,1718.8536,0.1012125,0.2060875
10,0.037997157,0.101435101,0.856385923,9.24E-08,0.08036149,1723.57546,0.106425,0.2060875
11,0.019713057,0.307935218,0.956605697,2.96E-08,0.067438256,1723.723065,0.148925,0.2060875
12,0.070396423,0.496085387,0.85146546,5.03E-08,0.021145128,1721.663264,0.1042375,0.2060875
13,0.042340283,0.205678757,0.896150831,2.54E-08,0.06263179,1723.366157,0.1012125,0.2060875
14,0.029933896,0.70139129,0.877346217,5.64E-08,0.060510116,1725.167116,0.153925,0.2060875
15,0.015474848,0.196557735,0.979680088,6.62E-08,0.080425972,1725.773038,0.1340875,0.2060875
16,0.065470751,0.128394383,0.849104163,9.94E-08,0.052035821,1721.516802,0.1013375,0.2060875
17,0.034235206,0.354347373,0.985155171,6.47E-08,0.097646557,1721.57706,0.1197375,0.2060875
18,0.057950604,0.999174855,0.929982035,4.16E-08,0.067425039,1720.313287,0.13805,0.2060875
19,0.026357707,0.279363951,0.979649969,6.16E-08,0.00873967,1718.229217,0.1011125,0.2060875
20,0.011622715,0.834099443,0.825523941,6.88E-08,0.016460128,1725.874657,0.15555,0.2060875
21,0.023053875,0.930508002,0.942261937,7.61E-08,0.08180749,1730.927087,0.266225,0.266225
22,0.077016523,0.710852781,0.878416514,5.88E-08,0.09394314,1716.994315,0.1343125,0.266225
23,0.081081597,0.899285594,0.856030567,9.02E-08,0.093145572,1716.941793,0.242075,0.266225
24,0.073350973,0.873650709,0.90778159,8.06E-08,0.032772617,1720.160195,0.1867375,0.266225
25,0.072628932,0.74473896,0.941056081,4.39E-08,0.097456465,1713.431093,0.1552,0.266225
26,0.028392266,0.489611521,0.909127484,1.13E-08,0.04954758,1709.144775,0.1008125,0.266225
27,0.078071585,0.431163443,0.944522841,1.51E-08,0.054753546,1710.633581,0.1023625,0.266225
28,0.005948064,0.311628543,0.818809939,9.05E-09,0.069821252,1716.077078,0.1600125,0.266225
29,0.093771139,0.258519948,0.834491691,3.96E-08,0.065697229,1709.147233,0.102025,0.266225
30,0.049917325,0.502329514,0.81412365,8.34E-08,0.026614449,1712.491207,0.10135,0.266225
31,0.06343214,0.10544303,0.801755082,1.25E-08,0.017346516,1709.933077,0.10235,0.266225
32,0.062322149,0.51824289,0.993737745,9.88E-08,0.08481626,1710.413409,0.10485,0.266225
33,0.07011736,0.939346312,0.840678825,8.05E-08,0.047189594,1720.426358,0.3091,0.3091
34,0.082991941,0.236580248,0.819378359,7.36E-08,0.050874362,1710.809654,0.1032375,0.3091
35,0.028394475,0.619559316,0.952072376,3.94E-08,0.076824133,1720.220505,0.167325,0.3091
36,0.071529074,0.598896613,0.946258499,2.36E-08,0.058617994,1712.07559,0.12115,0.3091
37,0.05457929,0.75351306,0.951228515,3.81E-08,0.000888159,1720.148382,0.146875,0.3091
38,0.086481631,0.903990497,0.96834123,3.20E-08,0.083067911,1718.589641,0.195575,0.3091
39,0.017719585,0.169481667,0.885805782,7.95E-08,0.096254992,1724.036696,0.1437875,0.3091
40,0.009964883,0.400279186,0.966958649,3.80E-08,0.094584781,1722.700991,0.151275,0.3091
41,0.00891031,0.896551896,0.8673813,8.46E-08,0.014306462,1737.398141,0.3238875,0.3238875
42,0.022347995,0.34670236,0.841467266,7.04E-08,0.070571095,1724.660141,0.106775,0.3238875
43,0.061028645,0.353336544,0.830176523,6.66E-09,0.068236903,1710.990684,0.1073375,0.3238875
44,0.033579768,0.483511997,0.999424467,1.16E-08,0.011266346,1719.341807,0.1041875,0.3238875
45,0.010356366,0.583836487,0.809902992,3.60E-08,0.053322668,1723.029147,0.1267125,0.3238875
46,0.051821702,0.208220724,0.803084148,5.84E-08,0.003389394,1716.938427,0.101175,0.3238875
47,0.063245137,0.284098977,0.815713637,8.71E-08,0.092418775,1716.196,0.1033,0.3238875
48,0.051330489,0.700929391,0.985985424,3.52E-08,0.004070115,1730.326965,0.1939,0.3238875
49,0.014810965,0.605501016,0.899896607,6.88E-08,0.00203388,1727.557426,0.111725,0.3238875
50,0.008639834,0.272506501,0.911725099,9.43E-09,0.087189182,1731.906386,0.1214125,0.3238875
51,0.086240469,0.960936921,0.936394256,6.54E-08,0.069928937,1733.236944,0.3073,0.3238875
52,0.049167961,0.595823687,0.859184141,5.80E-08,0.068964836,1724.960878,0.102575,0.3238875
53,0.093289786,0.862563287,0.815530759,5.85E-08,0.076269309,1728.505706,0.1794,0.3238875
54,0.046296656,0.767488113,0.976263758,7.41E-08,0.021010897,1731.308208,0.1850875,0.3238875
55,0.000868423,0.86473953,0.877876178,5.21E-08,0.007045438,1729.837745,0.3332625,0.3332625
56,0.076878334,0.771387212,0.965479635,7.55E-08,0.078372117,1729.262328,0.1497125,0.3332625
57,0.052459933,0.120015261,0.824691197,2.43E-09,0.069636236,1720.968789,0.1006625,0.3332625
58,0.087123701,0.495765738,0.962130389,7.44E-08,0.042258588,1720.256712,0.1024125,0.3332625
59,0.029818392,0.480416946,0.965091932,8.35E-08,0.060008691,1727.520131,0.1116625,0.3332625
60,0.084569841,0.186858885,0.892844435,5.61E-08,0.049065904,1722.300678,0.10195,0.3332625
61,0.069474107,0.360163692,0.882103048,6.03E-08,0.08917559,1724.158289,0.1036375,0.3332625
62,0.036252265,0.823908226,0.879475768,3.29E-08,0.084427731,1743.680355,0.23265,0.3332625
63,0.071327744,0.672122323,0.85782189,9.19E-08,0.002460354,1733.537121,0.1370375,0.3332625
grid,,,,,,,,
0,0.060004,0.46,0.88,1.00E-09,0.06,1672.520949,0.1020375,0.1020375
1,0.060004,0.28,0.96,6.04E-08,0.08,1649.038878,0.1019,0.1020375
2,0.040006,0.64,0.96,8.02E-08,0.06,1660.362023,0.143175,0.143175
3,0.060004,0.28,0.84,2.08E-08,0.04,1656.94295,0.105925,0.143175
4,0.060004,0.46,0.96,1.00E-09,0.04,1657.885457,0.10225,0.143175
5,0.080002,0.1,0.88,4.06E-08,0.02,1660.710054,0.1013875,0.143175
6,1.00E-05,0.64,0.96,2.08E-08,0.02,1675.637556,0.3689,0.3689
7,0.080002,0.46,0.96,1.00E-09,0,1634.430719,0.1021375,0.3689
8,0.080002,0.1,0.88,2.08E-08,0.04,1656.266699,0.1036875,0.3689
9,0.080002,0.46,0.84,6.04E-08,0.08,1651.211288,0.10405,0.3689
10,0.040006,0.64,0.88,4.06E-08,0.02,1659.53206,0.1315875,0.3689
11,1.00E-05,0.82,0.8,1.00E-09,0.06,1677.721354,0.30405,0.3689
12,0.060004,0.64,0.96,8.02E-08,0.02,1664.534259,0.132475,0.3689
13,0.060004,0.46,0.88,4.06E-08,0.04,1654.881422,0.1049,0.3689
14,0.020008,0.28,0.96,2.08E-08,0.04,1656.875049,0.1536875,0.3689
15,0.080002,0.1,0.88,1.00E-09,0.04,1647.655945,0.098625,0.3689
16,0.020008,0.64,0.96,1.00E-09,0.08,1659.838515,0.1494,0.3689
17,1.00E-05,0.82,0.8,6.04E-08,0.06,1674.895894,0.303675,0.3689
18,0.060004,0.1,0.8,2.08E-08,0.08,1653.547207,0.10735,0.3689
19,0.060004,0.82,0.8,2.08E-08,0,1631.394884,0.1095625,0.3689
20,0.020008,0.64,0.96,4.06E-08,0,1636.577216,0.135175,0.3689
21,0.040006,0.82,0.88,4.06E-08,0.06,1656.134485,0.2233125,0.3689
22,0.020008,0.28,0.88,8.02E-08,0.06,1652.352628,0.1256125,0.3689
23,1.00E-05,0.64,0.88,2.08E-08,0.06,1668.6493,0.305975,0.3689
24,0.080002,0.46,0.96,6.04E-08,0.04,1647.190785,0.1018625,0.3689
25,0.040006,0.82,0.84,1.00E-09,0.08,1656.245883,0.2363375,0.3689
26,0.040006,0.28,0.8,2.08E-08,0.04,1648.965303,0.1077125,0.3689
27,0.020008,0.46,0.88,2.08E-08,0,1638.232121,0.104375,0.3689
28,1.00E-05,0.1,0.8,8.02E-08,0.06,1666.953107,0.3034375,0.3689
29,0.040006,0.82,0.8,4.06E-08,0.04,1649.701383,0.168075,0.3689
30,0.080002,0.28,0.8,2.08E-08,0.08,1649.737655,0.1041875,0.3689
31,0.080002,0.46,0.92,1.00E-09,0.06,1638.196471,0.1017125,0.3689
32,0.040006,0.1,0.96,6.04E-08,0.08,1645.588466,0.11395,0.3689
33,0.080002,0.46,0.92,4.06E-08,0.08,1646.606367,0.126125,0.3689
34,1.00E-05,0.46,0.8,4.06E-08,0.04,1667.870948,0.3382625,0.3689
35,1.00E-05,0.46,0.96,4.06E-08,0.08,1667.760295,0.2853,0.3689
36,0.080002,0.1,0.96,1.00E-09,0,1629.063339,0.101225,0.3689
37,0.040006,0.82,0.8,2.08E-08,0.02,1654.061213,0.18655,0.3689
38,0.060004,0.82,0.96,4.06E-08,0.06,1654.097245,0.1499125,0.3689
39,0.060004,0.82,0.92,8.02E-08,0.06,1653.212565,0.1413,0.3689
40,0.040006,0.1,0.92,8.02E-08,0.04,1649.684922,0.1020375,0.3689
41,1.00E-05,0.46,0.84,2.08E-08,0.02,1667.738848,0.3705125,0.3705125
42,0.020008,0.28,0.8,8.02E-08,0.08,1659.639811,0.1320625,0.3705125
43,0.020008,0.46,0.84,4.06E-08,0,1639.239434,0.10435,0.3705125
44,0.040006,0.1,0.88,2.08E-08,0.06,1653.375503,0.106375,0.3705125
45,0.040006,0.28,0.84,8.02E-08,0.06,1663.258845,0.1218625,0.3705125
46,1.00E-05,0.64,0.84,1.00E-09,0.06,1675.921167,0.306,0.3705125
47,0.040006,0.28,0.84,8.02E-08,0.04,1651.411763,0.1067,0.3705125
48,0.020008,0.1,0.8,1.00E-09,0.04,1653.467409,0.1084625,0.3705125
49,1.00E-05,0.46,0.92,8.02E-08,0.08,1679.431433,0.2851,0.3705125
50,0.060004,0.64,0.84,2.08E-08,0,1653.435128,0.11325,0.3705125
51,0.080002,0.46,0.8,8.02E-08,0,1650.580774,0.1079375,0.3705125
52,0.020008,0.46,0.84,6.04E-08,0.08,1669.27879,0.198425,0.3705125
53,0.040006,0.1,0.84,8.02E-08,0.08,1665.969779,0.1340875,0.3705125
54,0.060004,0.46,0.92,2.08E-08,0,1648.634071,0.1026625,0.3705125
55,1.00E-05,0.46,0.92,8.02E-08,0.06,1682.06093,0.3048375,0.3705125
56,0.040006,0.1,0.96,1.00E-09,0.02,1667.152266,0.1022375,0.3705125
57,0.060004,0.1,0.88,4.06E-08,0.06,1666.646124,0.1014625,0.3705125
58,0.080002,0.46,0.92,4.06E-08,0.02,1670.152916,0.1029625,0.3705125
59,0.020008,0.46,0.96,6.04E-08,0.06,1666.807956,0.1222375,0.3705125
60,0.080002,0.1,0.96,4.06E-08,0,1651.630497,0.1031625,0.3705125
61,0.040006,0.28,0.96,6.04E-08,0.02,1669.374175,0.104825,0.3705125
62,0.020008,0.64,0.92,6.04E-08,0,1654.215246,0.174125,0.3705125
63,0.060004,0.28,0.84,4.06E-08,0.04,1660.695982,0.1015625,0.3705125
bayesian_uniform,,,,,,,,
0,0.049758682,0.339556351,0.927482232,2.50E-08,0.047316858,1727.758997,0.10405,0.10405
1,0.085458278,0.782950874,0.887645894,8.19E-08,0.094667973,1760.831039,0.1326,0.1326
2,0.001895161,0.98595635,0.980885887,9.05E-08,0.003350456,1775.220675,0.35785,0.35785
3,0.049591168,0.996820377,0.998101039,5.67E-08,0.01609654,1774.861703,0.1507125,0.35785
4,0.00034601,0.863045476,0.891405266,4.47E-08,0.049267541,1796.29985,0.305625,0.35785
5,0.00165063,0.877249427,0.993035409,2.19E-08,0.013065638,1787.92985,0.2794,0.35785
6,0.098111879,0.206703752,0.802351214,6.29E-08,0.097690994,1774.900373,0.1019625,0.35785
7,0.004530842,0.991957466,0.853978292,9.51E-08,0.026606605,1782.561348,0.322725,0.35785
8,0.003144911,0.975591601,0.931396194,4.28E-08,0.094662591,1792.545782,0.2187375,0.35785
9,0.001770682,0.620187897,0.803088496,1.40E-08,0.099217517,1788.625867,0.2154625,0.35785
10,0.004024959,0.989302222,0.930135105,9.87E-08,0.004390679,1796.740876,0.3552625,0.35785
11,0.003858677,0.790328458,0.805316495,9.10E-08,0.001453997,1788.5631,0.3005625,0.35785
12,0.096191592,0.101411441,0.99300929,9.64E-08,0.054711384,1781.28423,0.104725,0.35785
13,0.099885277,0.466832144,0.829776322,1.69E-08,0.008365731,1775.082856,0.1017625,0.35785
14,0.099375928,0.403142792,0.971853716,3.51E-08,0.099649662,1754.949149,0.1025625,0.35785
15,0.000403751,0.103046016,0.919940884,9.67E-08,0.098456035,1784.770086,0.173525,0.35785
16,0.007641845,0.101892559,0.810718567,5.49E-08,0.017216881,1786.685194,0.1138,0.35785
17,0.000416129,0.939894542,0.846007733,9.95E-09,0.002396286,1796.449862,0.39155,0.39155
18,0.002413514,0.957083077,0.836793925,1.15E-08,0.000377012,1791.414915,0.38305,0.39155
19,0.000126008,0.936304668,0.808110398,1.91E-08,0.090124926,1797.398731,0.26155,0.39155
20,0.000729654,0.11793241,0.998728706,1.25E-09,0.012681373,1781.989241,0.296675,0.39155
21,0.003339998,0.100935699,0.962529183,5.55E-08,0.007417741,1778.928383,0.32215,0.39155
22,0.094797942,0.116043305,0.903290366,7.33E-08,0.035727306,1768.487988,0.1017625,0.39155
23,0.01643381,0.785595249,0.8012625,8.53E-08,0.099301173,1776.505143,0.1873875,0.39155
24,0.01701819,0.751363748,0.852994464,1.37E-08,0.086431017,1774.326276,0.2192,0.39155
25,0.001205219,0.996399647,0.858116313,6.52E-08,0.002120465,1776.904684,0.3739625,0.39155
26,0.000143531,0.939615413,0.860000536,5.22E-08,0.001852434,1794.941261,0.402675,0.402675
27,0.068194389,0.989171327,0.829523002,9.22E-09,0.048381731,1776.160102,0.3206875,0.402675
28,0.004665473,0.326175518,0.897736543,1.65E-08,0.026955034,1773.821002,0.191725,0.402675
29,0.098726535,0.960408179,0.8272555,5.41E-08,0.022035149,1775.176476,0.191975,0.402675
30,0.085035279,0.976113147,0.807016679,3.36E-08,0.091250072,1776.769286,0.33135,0.402675
31,0.001005819,0.905504619,0.887036473,4.03E-08,0.000113046,1781.173624,0.3862375,0.402675
32,0.007420617,0.260401632,0.827564267,3.69E-08,0.065077638,1773.879292,0.1390375,0.402675
33,0.016039193,0.525632595,0.822337946,1.37E-08,0.002375736,1775.329589,0.107425,0.402675
34,0.099329166,0.319269173,0.867852161,1.69E-08,0.057642615,1768.353517,0.1027875,0.402675
35,0.054443218,0.997168412,0.878060539,3.11E-08,0.081625813,1776.750023,0.15835,0.402675
36,0.083455742,0.458118227,0.997629685,7.73E-08,0.043076073,1760.741592,0.10375,0.402675
37,0.006350747,0.75900983,0.989714654,6.47E-08,0.090714559,1781.253454,0.2195875,0.402675
38,0.097930776,0.509501135,0.81247897,2.60E-09,0.048252602,1770.002432,0.105325,0.402675
39,0.068179879,0.180652313,0.979763606,1.36E-08,0.001305518,1778.720462,0.102625,0.402675
40,0.00164844,0.292465335,0.851085521,1.32E-08,0.049008125,1787.531258,0.3121375,0.402675
41,0.066521597,0.737458041,0.999589586,4.32E-08,0.04919459,1781.521234,0.12645,0.402675
42,0.000375531,0.187668414,0.935285562,6.14E-08,0.071482936,1783.486087,0.2631125,0.402675
43,0.030978509,0.962451667,0.876413434,7.26E-08,0.006155692,1791.446412,0.3380875,0.402675
44,0.07914827,0.101298833,0.860743224,1.60E-08,0.063336964,1774.18311,0.1016875,0.402675
45,0.076967076,0.99506331,0.802899756,6.07E-08,0.021221864,1776.840053,0.1645,0.402675
46,0.000684378,0.403261478,0.887643247,2.99E-08,0.08196639,1789.680776,0.2574875,0.402675
47,0.068539532,0.835292116,0.976063591,2.48E-08,0.000283745,1780.899352,0.130725,0.402675
48,0.001691797,0.222026717,0.839403554,2.53E-08,0.009733324,1786.202421,0.3517375,0.402675
49,0.005303792,0.864224795,0.988604416,4.57E-08,0.083473909,1791.986747,0.23605,0.402675
50,0.099509348,0.221005722,0.853616071,2.80E-08,0.014316822,1774.663501,0.1009625,0.402675
51,0.087909415,0.85078025,0.809898661,2.19E-09,0.064092907,1779.789595,0.2336625,0.402675
52,0.055178402,0.108285117,0.996367165,2.64E-08,0.012769163,1779.664301,0.1009375,0.402675
53,0.099600104,0.111258095,0.826015458,8.64E-08,0.092435516,1778.106098,0.102025,0.402675
54,0.002246497,0.134819444,0.88108063,8.79E-09,0.054407268,1789.354604,0.3011625,0.402675
55,0.08033499,0.116217796,0.958844366,1.66E-08,0.09864592,1772.207006,0.1044875,0.402675
56,0.000460046,0.221644557,0.816855083,7.70E-08,0.01433581,1794.375535,0.3128125,0.402675
57,0.080449796,0.817559557,0.870711163,5.59E-08,0.011558609,1793.256129,0.1310125,0.402675
58,0.001386391,0.896693653,0.856052813,6.64E-08,0.096590518,1798.514081,0.229025,0.402675
59,0.001827447,0.100646008,0.912431765,8.86E-08,0.006227584,1788.713215,0.358275,0.402675
60,0.082066462,0.540263087,0.840830424,3.78E-08,0.098831356,1780.052603,0.104775,0.402675
61,0.099113221,0.970795492,0.91532282,1.85E-08,0.086201582,1791.253355,0.3257625,0.402675
62,0.099316937,0.997985814,0.848861553,2.22E-08,0.082978698,1786.070797,0.120375,0.402675
63,0.077186549,0.859808398,0.978371274,4.66E-08,0.057584155,1787.436957,0.12725,0.402675
DenseLinearNN,,,,,,,,
random_uniform,,,,,,,,
0,0.097033912,0.176669259,0.863475784,6.80E-08,0.008524132,2296.84693,0.1030625,0.1030625
1,0.091540062,0.966207895,0.938629552,8.27E-08,0.079382857,2285.126683,0.330075,0.330075
2,0.046004622,0.342697266,0.841850797,5.83E-08,0.041176568,2277.396928,0.1027375,0.330075
3,0.012519664,0.61339248,0.903318245,1.02E-08,0.036773967,2293.383175,0.1452125,0.330075
4,0.072585278,0.188127771,0.827371385,3.82E-08,0.024575026,2280.13302,0.102125,0.330075
5,0.047023594,0.46278436,0.872504869,7.77E-08,0.001918171,2283.479123,0.1018,0.330075
6,0.092649404,0.201067156,0.817582038,1.68E-08,0.005016275,2280.146082,0.10315,0.330075
7,0.002667871,0.544653428,0.886421328,5.44E-08,0.022361826,2293.197837,0.28665,0.330075
8,0.011402482,0.865053997,0.942309195,2.63E-08,0.051457368,2293.375308,0.280375,0.330075
9,0.083111651,0.616141234,0.991867845,2.57E-08,0.097674569,2277.497648,0.105675,0.330075
10,0.066656619,0.967589227,0.897076142,7.60E-08,0.089337899,2298.064317,0.29,0.330075
11,0.06345296,0.947182433,0.962925647,9.52E-08,0.021623285,2293.702961,0.344225,0.344225
12,0.036107157,0.449132758,0.811463376,9.43E-08,0.089305925,2281.211748,0.11585,0.344225
13,0.069225517,0.594370761,0.972430125,7.93E-08,0.012149463,2285.071515,0.1042125,0.344225
14,0.052834391,0.632988601,0.807558375,2.25E-08,0.038399241,2279.125528,0.1163875,0.344225
15,0.033509675,0.901232257,0.886100527,4.79E-08,0.002206175,2293.015959,0.2391625,0.344225
16,0.000208942,0.704107109,0.873950367,1.06E-08,0.093423766,2305.816481,0.2422125,0.344225
17,0.017948512,0.48578471,0.938163499,9.79E-08,0.076605369,2280.35832,0.126075,0.344225
18,0.00990671,0.585003715,0.923436361,7.49E-08,0.09181384,2286.311764,0.150225,0.344225
19,0.034109649,0.163344823,0.873712226,3.73E-08,0.005655358,2279.176663,0.1017625,0.344225
20,0.090824815,0.925456041,0.846017683,9.90E-08,0.070357469,2272.56246,0.188375,0.344225
21,0.026054076,0.738592082,0.950202908,3.69E-08,0.065378699,2277.835127,0.1773125,0.344225
22,0.066076786,0.763951886,0.836172732,4.81E-08,0.052375211,2275.468068,0.1255875,0.344225
23,0.039701806,0.455483031,0.849552353,1.33E-08,0.07877898,2277.044288,0.1153,0.344225
24,0.079802239,0.811445884,0.964490736,5.48E-08,0.032441876,2277.555325,0.129275,0.344225
25,0.065279831,0.565104478,0.859394244,4.29E-08,0.098655023,2268.112714,0.1049625,0.344225
26,0.099598627,0.733469354,0.979834877,6.85E-08,0.01714613,2267.393613,0.1057125,0.344225
27,0.078283235,0.966629219,0.962096987,4.93E-08,0.044431233,2273.988175,0.194825,0.344225
28,0.020251545,0.585562536,0.899868707,1.56E-08,0.054159569,2274.454981,0.1355,0.344225
29,0.072875013,0.373970584,0.955972736,3.11E-08,0.094714402,2268.185166,0.1025,0.344225
30,0.058343316,0.407557306,0.846364712,4.52E-08,0.030759889,2265.979466,0.1019375,0.344225
31,0.077006809,0.845348341,0.915502284,9.38E-09,0.045812609,2267.932904,0.13005,0.344225
32,0.088654614,0.19640529,0.902056651,7.03E-09,0.02878285,2265.684384,0.11095,0.344225
33,0.013760738,0.564903141,0.945452106,7.58E-08,0.070807323,2284.344632,0.1756375,0.344225
34,0.023159724,0.493625576,0.998172698,1.75E-08,0.055988997,2274.850052,0.1343625,0.344225
35,0.072955574,0.131035966,0.800393142,7.75E-09,0.078355612,2264.701946,0.1083,0.344225
36,0.017464641,0.942252224,0.96737879,5.33E-08,0.093854325,2280.028354,0.272525,0.344225
37,0.073925542,0.311546293,0.997294509,5.35E-08,0.076632864,2277.45572,0.1043125,0.344225
38,0.034350378,0.646862329,0.906445036,4.36E-08,0.025712434,2304.211413,0.106225,0.344225
39,0.08049911,0.345009899,0.878440094,5.25E-08,0.076719835,2275.929563,0.106125,0.344225
40,0.048823064,0.620729097,0.834095694,5.88E-08,0.04582671,2284.339122,0.1043875,0.344225
41,0.042514284,0.169280646,0.918678133,1.68E-08,0.096416747,2289.735768,0.108575,0.344225
42,0.008948553,0.512189581,0.866351828,3.68E-08,0.082733386,2293.978978,0.1468375,0.344225
43,0.019031988,0.519549123,0.898975864,3.15E-08,0.028498794,2292.066629,0.1109125,0.344225
44,0.04207303,0.950332292,0.959251578,8.32E-08,0.082451289,2298.331419,0.29965,0.344225
45,0.076645225,0.304591061,0.84412703,1.77E-08,0.021780392,2281.259616,0.10225,0.344225
46,0.089548393,0.57455158,0.985292433,5.03E-08,0.072284553,2281.223216,0.10265,0.344225
47,0.089397657,0.507607356,0.850261282,3.82E-08,0.026964899,2290.799489,0.1027,0.344225
48,0.007487015,0.790054197,0.833142149,5.33E-08,0.046739931,2287.736175,0.1594125,0.344225
49,0.028498307,0.99349572,0.964941871,5.27E-08,0.030963422,2293.22967,0.3446625,0.3446625
50,0.056827151,0.977569651,0.874761447,1.98E-08,0.0584228,2302.265291,0.330625,0.3446625
51,0.071915373,0.299060092,0.905207977,6.40E-08,0.093927881,2272.057421,0.1045,0.3446625
52,0.082336831,0.974638804,0.886796014,3.49E-08,0.029191353,2303.331352,0.266875,0.3446625
53,0.063635969,0.133641189,0.908019011,9.39E-08,0.070289112,2288.22143,0.10425,0.3446625
54,0.060333267,0.677716899,0.840564554,3.32E-08,0.083861936,2294.253163,0.109025,0.3446625
55,0.06074649,0.286262676,0.963808027,7.26E-08,0.051527265,2289.208743,0.0972125,0.3446625
56,0.034502889,0.922687365,0.949610778,4.22E-08,0.051906199,2294.180137,0.30895,0.3446625
57,0.027488965,0.360824628,0.992806269,2.64E-08,0.090342612,2296.90597,0.12445,0.3446625
58,0.02854118,0.398105435,0.848272293,5.21E-08,0.020473404,2285.293835,0.1160875,0.3446625
59,0.087285331,0.399020614,0.938793127,4.85E-08,0.076589786,2280.749842,0.105025,0.3446625
60,0.093260503,0.686655104,0.986198709,2.53E-08,0.003778066,2291.138033,0.1231,0.3446625
61,0.085701017,0.85168522,0.99782423,9.13E-08,0.095883289,2298.961369,0.2201625,0.3446625
62,0.058100003,0.208185115,0.822610494,6.70E-09,0.008708423,2289.392204,0.1015875,0.3446625
63,0.075067711,0.889438133,0.888703156,3.05E-08,0.021651033,2296.117314,0.225725,0.3446625
grid,,,,,,,,
0,0.060004,0.46,0.8,1.00E-09,0.04,2243.326769,0.1095125,0.1095125
1,0.080002,0.46,0.88,1.00E-09,0.02,2231.78387,0.102375,0.1095125
2,0.080002,0.28,0.8,6.04E-08,0.02,2237.169273,0.102475,0.1095125
3,0.060004,0.46,0.92,2.08E-08,0.08,2241.493433,0.106575,0.1095125
4,0.040006,0.28,0.84,8.02E-08,0,2210.734139,0.101675,0.1095125
5,0.040006,0.1,0.84,8.02E-08,0.04,2241.382435,0.100525,0.1095125
6,0.040006,0.1,0.8,2.08E-08,0.08,2249.064165,0.1048625,0.1095125
7,0.060004,0.64,0.88,8.02E-08,0,2219.542182,0.12275,0.12275
8,0.080002,0.1,0.96,6.04E-08,0.08,2238.628521,0.101375,0.12275
9,0.080002,0.28,0.96,4.06E-08,0,2203.418503,0.10215,0.12275
10,0.040006,0.82,0.88,6.04E-08,0.02,2248.681059,0.1633625,0.1633625
11,1.00E-05,0.46,0.84,1.00E-09,0.02,2270.295947,0.3698375,0.3698375
12,1.00E-05,0.1,0.92,1.00E-09,0.06,2268.435689,0.3013,0.3698375
13,1.00E-05,0.28,0.92,4.06E-08,0.02,2266.02086,0.3678,0.3698375
14,0.040006,0.28,0.96,2.08E-08,0.08,2239.680265,0.1030375,0.3698375
15,1.00E-05,0.64,0.96,8.02E-08,0.02,2259.454296,0.3696,0.3698375
16,0.040006,0.64,0.84,1.00E-09,0.02,2246.767184,0.125275,0.3698375
17,1.00E-05,0.46,0.96,4.06E-08,0.08,2259.991909,0.2823625,0.3698375
18,0.060004,0.1,0.88,1.00E-09,0,2201.806435,0.101225,0.3698375
19,0.040006,0.46,0.96,1.00E-09,0,2208.137372,0.1376125,0.3698375
20,0.040006,0.64,0.92,4.06E-08,0.06,2241.44394,0.1553125,0.3698375
21,0.060004,0.64,0.96,6.04E-08,0,2205.510867,0.1033125,0.3698375
22,0.060004,0.1,0.84,1.00E-09,0.08,2230.2041,0.1041375,0.3698375
23,0.040006,0.64,0.96,1.00E-09,0,2210.654351,0.1066875,0.3698375
24,0.060004,0.46,0.84,4.06E-08,0.08,2224.510186,0.10695,0.3698375
25,0.020008,0.64,0.88,8.02E-08,0.06,2241.213493,0.2117875,0.3698375
26,0.080002,0.46,0.84,6.04E-08,0.08,2229.760522,0.1041875,0.3698375
27,0.020008,0.46,0.92,8.02E-08,0.02,2239.967991,0.110775,0.3698375
28,0.080002,0.28,0.84,1.00E-09,0.08,2220.341494,0.1065,0.3698375
29,1.00E-05,0.46,0.88,8.02E-08,0.04,2251.983661,0.3367125,0.3698375
30,1.00E-05,0.28,0.88,6.04E-08,0.06,2257.249887,0.3002375,0.3698375
31,0.060004,0.28,0.96,8.02E-08,0.02,2220.959178,0.1046,0.3698375
32,0.080002,0.1,0.92,6.04E-08,0.02,2225.211535,0.1098625,0.3698375
33,1.00E-05,0.28,0.8,4.06E-08,0.04,2251.839178,0.33425,0.3698375
34,0.040006,0.28,0.8,1.00E-09,0.02,2226.840578,0.102475,0.3698375
35,0.020008,0.64,0.8,2.08E-08,0.02,2234.98662,0.116525,0.3698375
36,0.040006,0.46,0.84,6.04E-08,0,2196.294222,0.105325,0.3698375
37,0.020008,0.64,0.84,8.02E-08,0.08,2236.073887,0.2016625,0.3698375
38,1.00E-05,0.82,0.88,4.06E-08,0,2224.880067,0.396275,0.396275
39,1.00E-05,0.64,0.84,1.00E-09,0.02,2246.505265,0.36985,0.396275
40,0.060004,0.64,0.92,8.02E-08,0.02,2224.249675,0.1027625,0.396275
41,0.080002,0.64,0.92,8.02E-08,0.04,2228.829632,0.1059,0.396275
42,0.020008,0.1,0.84,4.06E-08,0.08,2244.430096,0.16355,0.396275
43,0.020008,0.46,0.84,6.04E-08,0.06,2241.022007,0.1539,0.396275
44,0.060004,0.46,0.92,2.08E-08,0,2205.349944,0.1081375,0.396275
45,0.080002,0.28,0.88,1.00E-09,0.06,2226.430106,0.1054375,0.396275
46,0.060004,0.1,0.88,4.06E-08,0.02,2230.368657,0.1014375,0.396275
47,0.040006,0.64,0.88,2.08E-08,0.06,2232.893569,0.123675,0.396275
48,0.080002,0.46,0.84,4.06E-08,0.08,2225.602557,0.102875,0.396275
49,0.060004,0.82,0.84,1.00E-09,0.08,2233.087195,0.18825,0.396275
50,1.00E-05,0.1,0.84,4.06E-08,0.02,2250.29673,0.3679,0.396275
51,0.040006,0.28,0.92,6.04E-08,0.04,2238.88397,0.1018625,0.396275
52,1.00E-05,0.1,0.84,1.00E-09,0.04,2257.453449,0.3349375,0.396275
53,1.00E-05,0.82,0.96,6.04E-08,0,2232.611004,0.3962875,0.3962875
54,0.060004,0.28,0.96,6.04E-08,0.02,2237.280573,0.1035375,0.3962875
55,0.080002,0.82,0.96,2.08E-08,0,2219.723202,0.1047125,0.3962875
56,0.040006,0.46,0.8,2.08E-08,0.02,2239.551255,0.1010375,0.3962875
57,1.00E-05,0.64,0.8,2.08E-08,0.02,2253.960663,0.3693625,0.3962875
58,0.020008,0.82,0.96,2.08E-08,0,2232.868277,0.189275,0.3962875
59,0.060004,0.28,0.96,6.04E-08,0,2223.24844,0.110025,0.3962875
60,0.060004,0.64,0.92,4.06E-08,0.02,2241.674014,0.1083,0.3962875
61,0.060004,0.28,0.84,8.02E-08,0,2220.640884,0.1017625,0.3962875
62,1.00E-05,0.82,0.8,4.06E-08,0.04,2257.648528,0.3343375,0.3962875
63,0.080002,0.46,0.8,4.06E-08,0,2226.664952,0.1110875,0.3962875
bayesian_uniform,,,,,,,,
0,0.097033912,0.176669259,0.863475784,6.80E-08,0.008524132,2366.650632,0.105275,0.105275
1,0.014198375,0.859541561,0.87406866,4.56E-08,0.049958455,2418.822484,0.2890875,0.2890875
2,0.005869955,0.997037345,0.898770149,7.15E-08,0.073221687,2422.757001,0.2745875,0.2890875
3,0.003875693,0.858963838,0.80766343,8.43E-08,2.09E-05,2433.724877,0.383,0.383
4,0.007269657,0.978106235,0.802982992,3.31E-08,0.005002963,2435.917443,0.3676875,0.383
5,0.005035136,0.600773902,0.804781085,1.26E-08,3.63E-05,2428.789186,0.1476,0.383
6,0.005782543,0.958701654,0.999016731,1.21E-08,0.00547664,2437.91329,0.358625,0.383
7,0.069887086,0.881858482,0.805825178,4.05E-08,0.000408532,2433.706221,0.1033875,0.383
8,0.00210774,0.904466374,0.821953959,7.25E-08,0.003031237,2447.754434,0.3667875,0.383
9,0.000398634,0.905952603,0.812642274,2.90E-08,0.047647637,2457.311301,0.302475,0.383
10,0.085599462,0.627128846,0.998115747,8.46E-08,0.044192551,2431.714177,0.10035,0.383
11,0.032518507,0.730523472,0.976962269,7.69E-08,0.064814432,2441.81596,0.175425,0.383
12,0.050017099,0.692244594,0.83819927,8.80E-08,0.065036096,2425.883454,0.1416125,0.383
13,0.080191943,0.970242167,0.96894493,5.02E-08,0.075959675,2425.540232,0.3480875,0.383
14,0.046822741,0.978024454,0.99930256,5.83E-08,0.03733632,2376.786369,0.34575,0.383
15,0.053647937,0.93258116,0.975968578,1.52E-08,0.09932486,2429.54103,0.2745375,0.383
16,0.074226489,0.133471356,0.989353117,9.72E-08,0.003129192,2414.944362,0.1031375,0.383
17,0.099408158,0.123295257,0.997288307,9.77E-08,0.008215515,2414.500811,0.10635,0.383
18,0.010122963,0.833699492,0.984493616,4.34E-08,0.006850018,2416.74526,0.1476125,0.383
19,0.002884214,0.986824807,0.975506837,9.96E-08,0.032010417,2425.718434,0.3123125,0.383
20,0.041995703,0.111399699,0.878532985,2.70E-08,0.004848082,2399.329698,0.101,0.383
21,0.098679382,0.997452098,0.978488235,9.21E-08,0.094488041,2398.313501,0.11955,0.383
22,0.062385429,0.808948835,0.85121229,6.46E-08,0.095805535,2411.973424,0.26795,0.383
23,0.054292564,0.181493761,0.975912496,6.67E-08,0.088994673,2395.087615,0.1021125,0.383
24,0.057544196,0.845350963,0.880738575,2.36E-08,0.07180515,2402.374546,0.20935,0.383
25,0.081074543,0.398087988,0.962142644,2.41E-08,0.0990092,2392.904844,0.10185,0.383
26,0.064392903,0.955858519,0.949617627,1.96E-09,0.018852279,2429.173679,0.323425,0.383
27,0.055471384,0.949400604,0.996873458,1.32E-08,0.026965172,2422.165758,0.2774375,0.383
28,0.002584262,0.263581468,0.836405757,3.43E-08,0.063940603,2421.560251,0.2325625,0.383
29,0.060700025,0.222605633,0.986912636,9.27E-08,0.072986896,2406.980345,0.1020125,0.383
30,0.090140375,0.106898153,0.820131375,3.45E-08,0.029427982,2404.994157,0.1054125,0.383
31,0.014456768,0.213368503,0.964039758,2.26E-08,0.094863554,2422.011852,0.1441,0.383
32,0.011727722,0.985980671,0.900972985,6.51E-08,0.062576238,2427.310993,0.3008375,0.383
33,0.022055547,0.575290225,0.852424523,8.98E-08,0.08981286,2422.612373,0.1842,0.383
34,0.089421519,0.108468174,0.838466378,5.92E-08,0.051748027,2403.924534,0.1017125,0.383
35,0.089531658,0.401018618,0.840719707,2.27E-08,0.079793696,2405.792344,0.1050125,0.383
36,0.073343552,0.725908315,0.995880502,4.18E-08,0.099651376,2413.751221,0.1113625,0.383
37,0.012016094,0.914845319,0.86125715,6.55E-08,0.078778581,2435.553441,0.2681625,0.383
38,0.006082318,0.118642584,0.98635147,6.84E-08,0.085604201,2428.760967,0.1084875,0.383
39,0.006368137,0.598712904,0.800331813,6.68E-09,0.085342448,2440.670476,0.1286875,0.383
40,0.008382821,0.128086915,0.899729188,2.97E-08,0.092459257,2436.97468,0.121225,0.383
41,0.099921184,0.582982855,0.825729052,3.58E-08,0.087650973,2421.643412,0.103675,0.383
42,0.007149846,0.547899019,0.934062639,6.75E-08,0.087040616,2441.282966,0.1190375,0.383
43,0.049355933,0.939859425,0.808691286,1.20E-08,0.033178251,2432.689466,0.317425,0.383
44,0.064812007,0.976454413,0.924186685,1.43E-08,0.042455987,2427.787383,0.3205375,0.383
45,0.033159722,0.166618362,0.954343892,4.66E-08,0.049488629,2419.607078,0.1015125,0.383
46,0.001737242,0.355979392,0.921238101,3.72E-08,0.067683311,2430.730506,0.204025,0.383
47,0.005000185,0.997892944,0.915264689,1.01E-08,0.012557217,2441.890002,0.30855,0.383
48,0.052032871,0.986903,0.984426929,1.03E-08,0.027097865,2427.319405,0.33235,0.383
49,0.069270791,0.136812086,0.807486518,7.95E-08,0.097971448,2416.748208,0.1015625,0.383
50,0.095896626,0.989896914,0.866849654,5.92E-08,0.096413461,2429.668209,0.27925,0.383
51,0.017646155,0.994250314,0.88288063,9.89E-08,0.087767119,2444.172031,0.2788,0.383
52,0.092434224,0.949582019,0.996113019,5.76E-08,0.011204584,2426.286706,0.1046625,0.383
53,0.068224604,0.995483841,0.862788825,5.60E-09,0.029690221,2435.002114,0.15035,0.383
54,0.045210386,0.150774475,0.849958574,7.83E-08,0.035211607,2440.910354,0.1033875,0.383
55,0.066526068,0.893207279,0.806081512,3.20E-08,0.059789505,2446.989413,0.1888625,0.383
56,0.075229676,0.980188334,0.807664247,7.15E-08,0.079155293,2444.583291,0.319675,0.383
57,0.000867811,0.211490584,0.898434561,5.35E-08,0.066955175,2446.910662,0.3013875,0.383
58,0.016147529,0.527349317,0.989214518,4.65E-08,0.04694642,2438.62478,0.11425,0.383
59,0.048522157,0.982714324,0.929289421,8.35E-08,0.09116488,2452.4334,0.3196125,0.383
60,0.016369615,0.958940735,0.81335059,1.40E-08,0.004236796,2448.021903,0.371,0.383
61,0.098288312,0.225363705,0.809064984,3.64E-08,0.089510474,2427.085325,0.1013625,0.383
62,0.095970309,0.285277347,0.986414051,5.75E-08,0.006477712,2427.711074,0.1013,0.383
63,0.094879184,0.110563123,0.89345484,8.45E-08,0.013517767,2433.903414,0.105,0.383
SimpleCNN,,,,,,,,
random_uniform,,,,,,,,
0,0.01534022,0.842746465,0.995944571,3.26E-08,0.018896899,3063.818066,0.57805,0.57805
1,0.064315928,0.48726293,0.845444221,2.74E-08,0.093001721,2859.666803,0.1,0.57805
2,0.062447945,0.726383902,0.963888085,8.55E-08,0.062546385,2833.224942,0.128025,0.57805
3,0.051677896,0.106069285,0.801803544,5.91E-08,0.041095002,2897.915617,0.1,0.57805
4,0.003360037,0.566084484,0.993158938,8.80E-09,0.023711987,2953.093652,0.23105,0.57805
5,0.044360506,0.675476833,0.801767131,3.24E-08,0.034679262,2873.843881,0.188625,0.57805
6,0.014313056,0.379882916,0.947544244,9.59E-08,0.001582597,2858.034659,0.1,0.57805
7,0.002688557,0.644500079,0.965308165,3.42E-08,0.037804829,2955.680285,0.2347875,0.57805
8,0.012275666,0.603715588,0.805600204,3.07E-08,0.048473161,2888.668709,0.1,0.57805
9,0.00493678,0.605481242,0.836951754,1.24E-08,0.027648987,2891.593738,0.1,0.57805
10,0.052489573,0.5451539,0.831454911,9.38E-08,0.033470474,2886.716664,0.1861125,0.57805
11,0.003836308,0.127073702,0.839047409,9.65E-09,0.014578946,2935.915852,0.2183625,0.57805
12,0.036026095,0.661659777,0.80478387,3.84E-08,0.059561797,2892.125294,0.2334,0.57805
13,0.09791215,0.697679908,0.906696265,4.79E-08,0.080842203,2792.434057,0.1,0.57805
14,0.033765007,0.435694031,0.862177748,3.14E-08,0.047420511,2911.130259,0.115225,0.57805
15,0.021073094,0.667211157,0.952707024,3.13E-08,0.081667828,2970.090411,0.278675,0.57805
16,0.040142591,0.707305258,0.867177755,8.96E-08,0.060067724,2888.369849,0.1980625,0.57805
17,0.04602924,0.918612169,0.95108671,3.35E-08,0.03742213,2760.065364,0.099975,0.57805
18,0.005961366,0.677734515,0.896012716,2.81E-08,0.049549174,2911.644608,0.1138,0.57805
19,0.007203494,0.494308275,0.996967311,2.99E-08,0.092200719,2923.522908,0.1390875,0.57805
20,0.004791256,0.883707544,0.885424965,4.30E-08,0.045076313,3029.62504,0.5528625,0.57805
21,0.058921402,0.891326216,0.899967696,3.95E-08,0.062266232,2749.801904,0.1,0.57805
22,0.028027267,0.600644741,0.818778416,1.49E-08,0.037043828,2920.834086,0.1235,0.57805
23,0.034458139,0.246501828,0.954376572,7.31E-08,0.024962538,2906.413994,0.112825,0.57805
24,0.088548636,0.848697036,0.873220349,7.49E-08,0.054437261,2744.538067,0.1,0.57805
25,0.038866623,0.453371033,0.823575551,3.44E-08,0.006663923,2894.979434,0.1720125,0.57805
26,0.045542563,0.279919255,0.921758055,5.92E-09,0.060124916,2870.797642,0.1104875,0.57805
27,0.04585683,0.454369415,0.866940479,4.75E-08,0.015324582,2868.683566,0.1173625,0.57805
28,0.038577913,0.464363799,0.946209687,3.99E-08,0.082723733,2888.932554,0.1095125,0.57805
29,0.027002016,0.414712306,0.891753633,4.87E-08,0.02524821,2906.098918,0.1462375,0.57805
30,0.060396311,0.801448806,0.915507111,5.00E-08,0.037435099,2790.788718,0.1481,0.57805
31,0.061273869,0.974683595,0.965588109,4.22E-08,0.016375739,2758.84773,0.1,0.57805
32,0.094249403,0.905637644,0.928473039,9.42E-08,0.077637477,2742.628546,0.1,0.57805
33,0.056774713,0.321169803,0.86433207,6.28E-08,0.023070836,2880.395927,0.116,0.57805
34,0.071997854,0.866716102,0.907789627,2.24E-08,0.008032426,2759.21788,0.1010375,0.57805
35,0.017665504,0.976976726,0.877470366,4.70E-09,0.040887539,2776.025561,0.1,0.57805
36,0.005949175,0.681432376,0.902814196,4.84E-08,0.025088047,2892.108711,0.1060625,0.57805
37,0.003890829,0.285335417,0.929841766,8.35E-09,0.041631701,2949.433353,0.1859,0.57805
38,0.097302813,0.583687947,0.890527753,3.86E-08,0.038326951,2794.131678,0.1010875,0.57805
39,0.00639616,0.964858487,0.840175421,4.17E-08,0.008389148,3002.303466,0.6049875,0.6049875
40,0.004865015,0.597075371,0.828323155,9.86E-08,0.096266242,3023.627642,0.3730625,0.6049875
41,0.098589219,0.713889042,0.958485323,3.58E-08,0.043395485,2767.369378,0.1,0.6049875
42,0.036859907,0.674614236,0.907153286,5.21E-08,0.02325416,2884.237604,0.2193125,0.6049875
43,0.091869641,0.733920104,0.910315058,3.06E-09,0.098844655,2752.135004,0.1,0.6049875
44,0.090258202,0.209992116,0.945224428,6.51E-08,0.084363549,2854.112088,0.1,0.6049875
45,0.056682552,0.65921276,0.879677737,7.03E-08,0.012834436,2826.864377,0.112925,0.6049875
46,0.055769427,0.209510844,0.838415644,3.31E-08,0.013693745,2890.9223,0.11765,0.6049875
47,0.094423057,0.766830702,0.924556555,2.77E-08,8.38E-05,2758.966139,0.1,0.6049875
48,0.017665838,0.680892512,0.841924485,6.68E-08,0.038974264,2930.429528,0.1,0.6049875
49,0.015729197,0.750949419,0.991434036,7.11E-08,0.015156237,2955.214873,0.127125,0.6049875
50,0.050313703,0.56212457,0.834626844,8.06E-08,0.054764348,2889.540614,0.1463875,0.6049875
51,0.014530495,0.63838854,0.855906285,5.74E-09,0.075648191,2939.447241,0.1304625,0.6049875
52,0.092029692,0.478266998,0.975694088,8.35E-08,0.049309185,2828.361945,0.1,0.6049875
53,0.076953334,0.271078621,0.875550059,1.75E-08,0.091997193,2848.390658,0.104925,0.6049875
54,0.037665374,0.543541367,0.949218105,3.48E-08,0.006793249,2881.780795,0.1742125,0.6049875
55,0.085950903,0.854778331,0.994263496,1.16E-08,0.040904578,2767.022377,0.1,0.6049875
56,0.080791281,0.887662593,0.9976682,7.10E-08,0.020928545,2760.848957,0.1,0.6049875
57,0.042628594,0.409394546,0.984439625,5.40E-08,0.096393257,2871.258956,0.1070875,0.6049875
58,0.07322351,0.975020275,0.955282701,2.11E-08,0.064091077,2766.9139,0.1077125,0.6049875
59,0.057606143,0.120352077,0.99934883,6.68E-08,0.052728402,2922.595981,0.1,0.6049875
60,0.030783729,0.467174951,0.819255024,1.72E-08,0.017447548,2935.099392,0.1359375,0.6049875
61,0.059507448,0.568910692,0.876899731,1.11E-08,0.053439382,2859.637876,0.118075,0.6049875
62,0.032462775,0.516765676,0.82298464,6.43E-08,0.094794554,2901.650443,0.128575,0.6049875
63,0.016158886,0.183498674,0.995318728,2.47E-08,0.050181668,2895.029085,0.1,0.6049875
grid,,,,,,,,
0,1.00E-05,0.1,0.96,4.06E-08,0.08,3032.880913,0.4747625,0.4747625
1,1.00E-05,0.46,0.84,1.00E-09,0.08,3035.48799,0.4727875,0.4747625
2,0.060004,0.64,0.84,6.04E-08,0.04,2851.825563,0.1337875,0.4747625
3,1.00E-05,0.64,0.84,2.08E-08,0.04,3045.792966,0.529225,0.529225
4,1.00E-05,0.82,0.8,1.00E-09,0.04,3055.048239,0.531925,0.531925
5,0.060004,0.46,0.96,2.08E-08,0.08,2877.216937,0.1164625,0.531925
6,0.060004,0.28,0.96,2.08E-08,0.04,2897.076763,0.1025125,0.531925
7,0.020008,0.64,0.84,8.02E-08,0.02,2951.016855,0.1,0.531925
8,0.080002,0.64,0.84,4.06E-08,0.08,2782.974404,0.1106375,0.531925
9,0.040006,0.46,0.88,1.00E-09,0.08,2892.960155,0.0999875,0.531925
10,0.040006,0.1,0.84,4.06E-08,0.08,2891.452283,0.1,0.531925
11,1.00E-05,0.64,0.92,6.04E-08,0.02,3055.814359,0.5584875,0.5584875
12,1.00E-05,0.82,0.8,6.04E-08,0.02,3044.524298,0.5648625,0.5648625
13,0.020008,0.82,0.84,6.04E-08,0,2921.274421,0.456575,0.5648625
14,0.060004,0.1,0.92,6.04E-08,0.04,2875.204891,0.11375,0.5648625
15,0.060004,0.46,0.88,2.08E-08,0.06,2853.704219,0.1,0.5648625
16,1.00E-05,0.82,0.92,8.02E-08,0,3053.107545,0.5845125,0.5845125
17,1.00E-05,0.28,0.88,2.08E-08,0.04,3048.121678,0.5308375,0.5845125
18,0.040006,0.1,0.92,4.06E-08,0,2888.649724,0.320475,0.5845125
19,0.040006,0.46,0.84,8.02E-08,0.06,2865.558561,0.1018,0.5845125
20,0.040006,0.1,0.96,8.02E-08,0.06,2883.657106,0.102225,0.5845125
21,0.080002,0.28,0.84,4.06E-08,0.02,2839.643903,0.1,0.5845125
22,0.020008,0.82,0.84,2.08E-08,0.08,2932.428546,0.3256875,0.5845125
23,0.060004,0.82,0.96,1.00E-09,0.06,2783.061976,0.110675,0.5845125
24,0.060004,0.46,0.8,6.04E-08,0,2821.889824,0.195625,0.5845125
25,1.00E-05,0.1,0.96,2.08E-08,0.08,3042.434024,0.4744875,0.5845125
26,0.020008,0.46,0.84,6.04E-08,0,2973.043275,0.4906875,0.5845125
27,0.020008,0.1,0.8,1.00E-09,0.04,2869.618233,0.126225,0.5845125
28,0.060004,0.46,0.92,4.06E-08,0.02,2849.933161,0.1159625,0.5845125
29,0.040006,0.28,0.84,8.02E-08,0.08,2907.155793,0.1,0.5845125
30,0.040006,0.82,0.8,6.04E-08,0.08,2825.444644,0.1921125,0.5845125
31,0.040006,0.64,0.84,2.08E-08,0,2856.633216,0.3111125,0.5845125
32,0.060004,0.28,0.8,8.02E-08,0.06,2859.167228,0.1,0.5845125
33,1.00E-05,0.82,0.96,2.08E-08,0.08,3036.747683,0.4649875,0.5845125
34,1.00E-05,0.1,0.96,2.08E-08,0.06,3031.365219,0.493375,0.5845125
35,0.060004,0.82,0.84,4.06E-08,0.04,2780.192725,0.1351625,0.5845125
36,0.080002,0.46,0.96,2.08E-08,0.02,2846.02006,0.1,0.5845125
37,0.040006,0.1,0.8,4.06E-08,0.02,2890.712265,0.118925,0.5845125
38,0.080002,0.64,0.8,8.02E-08,0.06,2821.140754,0.1086625,0.5845125
39,0.060004,0.64,0.96,8.02E-08,0.04,2859.495909,0.141725,0.5845125
40,0.020008,0.46,0.96,4.06E-08,0.04,2872.312203,0.13405,0.5845125
41,1.00E-05,0.28,0.92,6.04E-08,0.02,3041.834391,0.55675,0.5845125
42,0.060004,0.28,0.84,8.02E-08,0.06,2867.293606,0.108025,0.5845125
43,0.020008,0.1,0.96,2.08E-08,0.04,2864.798533,0.1,0.5845125
44,1.00E-05,0.1,0.88,4.06E-08,0.08,3049.183633,0.4732375,0.5845125
45,0.040006,0.28,0.92,2.08E-08,0.02,2890.4108,0.112225,0.5845125
46,0.080002,0.82,0.8,8.02E-08,0.02,2761.681965,0.1,0.5845125
47,0.080002,0.46,0.88,4.06E-08,0,2819.533581,0.127375,0.5845125
48,0.040006,0.1,0.8,8.02E-08,0.06,2893.940469,0.116275,0.5845125
49,1.00E-05,0.1,0.96,8.02E-08,0,3035.086376,0.578625,0.5845125
50,1.00E-05,0.82,0.92,4.06E-08,0,3036.336721,0.5829875,0.5845125
51,1.00E-05,0.28,0.92,2.08E-08,0,3039.991747,0.5816125,0.5845125
52,1.00E-05,0.82,0.84,6.04E-08,0.02,3055.161196,0.56295,0.5845125
53,0.020008,0.1,0.84,1.00E-09,0.06,2899.320033,0.1,0.5845125
54,1.00E-05,0.1,0.84,8.02E-08,0,3029.646554,0.5791125,0.5845125
55,1.00E-05,0.46,0.96,4.06E-08,0,3041.310858,0.5802125,0.5845125
56,0.080002,0.28,0.88,8.02E-08,0.08,2842.93127,0.1,0.5845125
57,1.00E-05,0.64,0.92,2.08E-08,0.08,3088.221719,0.4761625,0.5845125
58,0.020008,0.28,0.88,1.00E-09,0.08,2889.311342,0.1179125,0.5845125
59,0.040006,0.82,0.8,4.06E-08,0,2792.68908,0.105325,0.5845125
60,0.020008,0.1,0.84,2.08E-08,0,2937.066907,0.3645875,0.5845125
61,0.020008,0.82,0.96,2.08E-08,0.08,2993.003114,0.39585,0.5845125
62,1.00E-05,0.46,0.96,4.06E-08,0.06,3069.130802,0.50395,0.5845125
63,0.060004,0.28,0.84,4.06E-08,0.08,2901.51055,0.1004,0.5845125
bayesian_uniform,,,,,,,,
0,0.01534022,0.842746465,0.995944571,3.26E-08,0.018896899,3154.200269,0.501275,0.501275
1,0.087888054,0.317085245,0.990443427,1.35E-08,0.039815831,2998.168807,0.1,0.501275
2,0.000831235,0.99742198,0.988965605,8.61E-08,0.001698054,3204.826731,0.65425,0.65425
3,0.000806489,0.999564566,0.896333904,8.43E-08,0.000723243,3203.519284,0.61025,0.65425
4,0.087234815,0.99282141,0.99977914,9.50E-08,0.002203123,2935.780378,0.1,0.65425
5,0.000197107,0.985289747,0.976817275,1.87E-08,0.062798077,3231.265695,0.5654375,0.65425
6,0.001880278,0.108512359,0.949157001,8.92E-08,0.001063597,3203.469393,0.459,0.65425
7,0.002907256,0.371154761,0.812548473,7.31E-08,0.002540636,3173.582694,0.3913625,0.65425
8,0.004178911,0.130492857,0.995916061,5.17E-08,0.095682662,3072.020842,0.121925,0.65425
9,0.003083844,0.455066523,0.99805023,3.89E-08,0.014672067,3166.6129,0.3489875,0.65425
10,0.051045965,0.104206564,0.800018216,7.41E-08,0.001854066,3072.704282,0.2520125,0.65425
11,0.004965481,0.76237598,0.800106466,1.04E-08,0.000704706,3222.346144,0.6448125,0.65425
12,0.001193004,0.901840732,0.814129502,9.88E-08,0.0160389,3233.134986,0.6830875,0.6830875
13,0.000801941,0.976608818,0.800245201,5.16E-08,0.032544568,3238.531095,0.635225,0.6830875
14,0.001143763,0.841044374,0.800268316,5.99E-08,0.065204122,3312.987774,0.5377875,0.6830875
15,0.003253113,0.905132925,0.800186057,2.22E-08,0.006415646,3208.559818,0.6842875,0.6842875
16,0.001304507,0.854184761,0.821933308,7.56E-08,0.001571909,3224.598168,0.682775,0.6842875
17,0.000255363,0.920652082,0.813379209,6.24E-09,0.011319935,3246.562077,0.6617125,0.6842875
18,0.026944353,0.91854661,0.814732861,8.42E-08,0.085951149,2990.544619,0.192275,0.6842875
19,0.028461389,0.885226519,0.836439027,6.78E-08,0.024591959,3019.199846,0.336425,0.6842875
20,0.07311939,0.24684331,0.986329871,3.52E-08,0.006023412,3032.215151,0.1586,0.6842875
21,0.020675914,0.160559589,0.823605157,7.12E-08,0.041471915,3031.123509,0.11025,0.6842875
22,0.014890817,0.970397957,0.971259722,5.53E-08,0.023565184,2946.2452,0.1259,0.6842875
23,0.046944081,0.976134286,0.811115649,7.46E-08,0.02499905,2941.608722,0.1,0.6842875
24,0.082965185,0.856484667,0.9544417,8.93E-08,0.008806042,2925.655254,0.1,0.6842875
25,0.020429492,0.847805177,0.809350529,5.74E-08,0.007919665,3120.326231,0.4035125,0.6842875
26,0.060829546,0.155651537,0.980348781,6.79E-08,0.0478509,3038.441441,0.10005,0.6842875
27,0.00937138,0.919662674,0.893313733,3.59E-08,0.071249607,3192.480964,0.47955,0.6842875
28,0.004630853,0.887965117,0.913232305,9.91E-09,0.079200581,3200.717794,0.492375,0.6842875
29,0.028741942,0.776666101,0.976352251,7.79E-08,0.043181694,3076.773642,0.28305,0.6842875
30,0.012136985,0.129994295,0.851166512,7.10E-08,0.034100129,3030.806466,0.1,0.6842875
31,0.018638798,0.240606052,0.987111989,2.15E-08,0.00038908,3052.69372,0.15885,0.6842875
32,0.016462574,0.118790674,0.820826484,6.06E-08,0.019612738,3039.640417,0.1,0.6842875
33,0.035093047,0.252995883,0.851942129,7.15E-08,0.027384223,3070.305293,0.1,0.6842875
34,0.096190739,0.261715408,0.943540542,9.56E-08,0.025219525,3026.543948,0.1066,0.6842875
35,0.090074225,0.112926285,0.953583974,8.27E-08,0.016600937,3036.471718,0.1,0.6842875
36,0.019466396,0.545105271,0.99733191,6.71E-09,0.003232676,3116.510475,0.1717375,0.6842875
37,0.086123306,0.142946966,0.818098168,7.73E-08,0.026284271,3027.707402,0.1048375,0.6842875
38,0.001708148,0.116751537,0.978371833,5.38E-08,0.034572106,3185.166974,0.372,0.6842875
39,0.009426667,0.717639078,0.989285575,8.68E-08,0.00440685,3104.765782,0.1,0.6842875
40,0.095487645,0.122257773,0.858786527,4.15E-08,0.031674541,3035.262274,0.1003,0.6842875
41,0.027256215,0.772530172,0.988915895,3.14E-08,0.06064275,3080.592851,0.2576875,0.6842875
42,0.00410405,0.312455693,0.975041915,5.84E-08,0.040290662,3101.71184,0.1643,0.6842875
43,0.051513805,0.115476083,0.849176128,5.31E-08,0.059675121,3064.623639,0.1,0.6842875
44,0.018264448,0.934012568,0.811694899,4.65E-08,0.097468219,3047.915212,0.1889875,0.6842875
45,0.003105895,0.775437536,0.990351709,2.48E-08,0.068216647,3224.2518,0.5131375,0.6842875
46,0.077919595,0.865044606,0.992987028,1.24E-08,0.001220413,2954.09946,0.1,0.6842875
47,0.090020353,0.987982048,0.898166592,9.80E-08,0.00058131,2943.796686,0.1,0.6842875
48,0.001741347,0.904853304,0.972518923,9.73E-08,0.075828195,3234.444765,0.5174625,0.6842875
49,0.075474426,0.889307819,0.804442333,5.27E-08,0.017715572,2950.516608,0.1,0.6842875
50,0.099856451,0.982825278,0.871663082,6.14E-08,0.025886729,2955.074931,0.1,0.6842875
51,0.06242907,0.210587849,0.821903872,8.30E-08,0.098499006,3030.200845,0.100325,0.6842875
52,0.000919515,0.886321436,0.961984486,8.54E-08,0.049602183,3240.766256,0.5684875,0.6842875
53,0.006307905,0.281983476,0.803743055,8.50E-08,0.089929589,3078.491685,0.1131,0.6842875
54,0.092518705,0.824746001,0.836681638,5.37E-08,0.043422011,2934.154036,0.1,0.6842875
55,0.021979636,0.139231162,0.888717373,7.78E-08,0.093169578,3077.347021,0.1084125,0.6842875
56,0.000203647,0.894816678,0.863429881,4.00E-08,0.072602483,3248.090543,0.5597875,0.6842875
57,0.005488154,0.26047897,0.803833982,1.64E-08,0.008464395,3094.729348,0.140775,0.6842875
58,0.077957025,0.108751704,0.813260556,4.15E-08,0.090031494,3087.872331,0.1064125,0.6842875
59,0.093540854,0.114386414,0.80885969,9.18E-08,0.000752425,3063.465911,0.1871375,0.6842875
60,0.003448218,0.638387998,0.822980124,5.27E-08,0.032983776,3114.345742,0.1,0.6842875
61,0.033328709,0.101503051,0.888513003,4.22E-09,0.011527278,3109.652503,0.13375,0.6842875
62,0.00427718,0.822167935,0.998160228,1.17E-08,0.03001952,3210.461419,0.2842625,0.6842875
63,0.075257761,0.226275326,0.911959644,5.23E-08,0.041899846,3057.830344,0.1,0.6842875
